parameter,legacy_project_value,legacy_source,Ohio_SETI_value,Ohio_SETI_commit,Arecibo_II_value,Arecibo_II_source,uncertainty,difference,provenance_difference,status,scientific_consequence
observation_datetime,(missing),(none),EST column 22:04:10 start; peak sample EST 22:16:10 row 61,28624a1,1977-08-15 22:16:06 EST (=08-16 03:16:06 UTC),Table 4 l.423; §4 l.175-179,+/-~2 sidereal s (clock); N50CH res 6 s,NEW (previously absent from project),printout time -> Gaussian-fit correction; not previously in project,NEW,Required for geometry/velocity/ephemeris work; enables correct frame transforms
frequency,1420.726 MHz +/-0.005 MHz,arXiv:2508.10657 abstract (wow_observation.yaml),2ND LO FREQ column: 120.185 MHz at channel-2 peak rows (data-verified this extraction),28624a1,1420.726 MHz +/-0.005 MHz,Table 4 l.424; equations §7 l.316-322,+/-0.005 MHz (half 10 kHz channel),0 (value confirmed),abstract-level locator upgraded to Table 4 + equations; GSR-tracking frame semantics now documented,UNCHANGED,frequency drives velocity -> HI population (H3) and RFI/harmonic arguments (H1); abstract may no longer be cited for it
channel_width_bandwidth,<=10 kHz (upper bound),arXiv:2408.08513 abstract (wow_observation.yaml),50 channels x 10 kHz (README schema),28624a1,10 kHz channel grid,§7 l.322; receiver §2 l.113,exact (channel grid),0 (same value),kind changed: legacy upper_bound -> channel-grid property; Wow II locator supersedes Wow I abstract locator,UNCHANGED,baseline for any spectral-compatibility modeling; removes an unnecessary bound interpretation
signal_apparent_duration,72 s (kind: point),Kipping & Gray 2022 abstract (wow_observation.yaml),sequence 6 E Q U J 5 across rows 58-63 (12 s cadence),28624a1,>=73.4 +/-0.5 s (lower bound),Table 4 l.427; §5 l.196,+/-0.5 s on bound,+1.4 s on the bound vs legacy 72 s point,legacy was a POINT estimate of a beam-geometry quantity; paper value properly CENSORED (beam-transit-derived),CHANGED,72-second quarantine preserved: neither value is intrinsic source duration; legacy point-encoding was a censoring violation now corrected
snr_peak,30.5 +/-0.5 sigma,arXiv:2408.08513 §II (wow_observation.yaml),SNR array (numeric) valid; channel-2 sequence data-located rows 58-63,28624a1,30.1 +/-0.4 sigma,Table 4 l.428; fig:wowfit l.192,+/-0.4 sigma,-0.4 sigma (-1.3%),legacy source was the HISTORICAL Ehman-1998 value (Table 4 'Previous' col) not a 2024-2025 measurement; new value from Gaussian fit,CHANGED,flux chain input updated; historical-vs-modern SNR line now correctly attributed
flux_density,">=250 Jy (abstract wording)",arXiv:2508.10657 abstract (wow_observation.yaml) - EXCLUDED as source value per authorization Part 3,FLUX array assumes max signal 54 Jy (README) = LEGACY_SUPERSEDED Ehman-era calibration,28624a1,">=256 +/-63 Jy (censored lower bound)",Table 4 l.430; equations §6 l.266-276,+/-63 Jy on bound,+6 Jy on the bound vs 250 wording; +202 Jy vs Ehman 54 legacy,legacy was abstract wording (not citable); repo calibration is legacy (54 Jy); paper value is beam-centered-equivalent lower limit with documented censoring semantics,CHANGED,H3 energetics and H4 engineering inputs shift ~2-25% depending on comparator; censoring ambiguity documented rather than resolved
flux_calibration_legacy_row,(n/a - row documents the repository product),(n/a),FLUX = estimated flux density assuming max signal 54 Jy (v0a README); SNR arrays unaffected,28624a1,"paper chain: sigma_channel 8.5+/-2.1 Jy; SNR_ntube 8.0+/-1.8; S_ntube 9.4 Jy",§6 l.239-279,(see flux row),different calibration generation (54 Jy vs >=256 Jy),repo v0a (2024-10-14) predates paper by ~10 months; different calibration generation,LEGACY_CALIBRATION,Ohio-SETI FLUX must never substitute for the modern bound; conflict 1 resolved as labelling (both preserved)
radial_velocity_heliocentric,(missing),(none),CFREQ_VEL / FREQ_CHAN_VEL arrays (v0a-era) not yet compared,28624a1,-84 +/-1 km/s,Table 4 l.431; §9 l.448,+/-1 km/s,NEW,derivation equations not explicit in paper (GSR-tracking subtlety; naive calc gives ~-67.6 km/s),NEW,defines the kinematic regime for H3; transformation methodology must be established before independent use
radial_velocity_lsr,(missing),(none),REFSYS 'LSR' in README schema (tension with paper GSR statement flagged),28624a1,-74 +/-2 km/s,Table 4 l.432; §9 l.448,+/-2 km/s,NEW,solar peculiar-motion convention unstated,NEW,HI4PI cloud matching key (IVC regime 25-90 km/s per paper §9 l.450 - interpretive)
source_angular_extent,(missing),(none),(none),28624a1,<=1.9 +/-0.1 arcmin,Table 4 l.434; fig:wowfit l.192,+/-0.1 arcmin,NEW (upper bound; assumes 8 arcmin beam),derived from Gaussian fit width under beamwidth assumption,NEW,H3 cloud angular-size prior; censored
ra_positive_horn,"19h25m02s +/-3 s",arXiv:2508.10657 abstract (wow_observation.yaml),raw printout RA at peak row 19h17m24s (uncorrected); .sav RA_2000 v0a cross-check pending,28624a1,19:25:02 +/-3 s (statistical +/-0.2 s; pointing +/-3 s dominant),Table 4 l.436; §5 l.181-196,+/-3 s,0 (value confirmed),locator upgraded; correction chain now documented (~27 s offset + squint),UNCHANGED,H3 field definition; H2 geometry tests
dec_positive_horn,-26d57m +/-20 arcmin,arXiv:2508.10657 abstract (wow_observation.yaml),(none),28624a1,-26:57:18 +/-20 arcmin,Table 4 l.436,+/-20 arcmin (dec beam limited),new dec-seconds precision (18 s),same +/-20' uncertainty; seconds-level precision does not reduce the beam-limited error,CHANGED,minor precision bookkeeping; uncertainty genuinely unchanged
ra_negative_horn,"19h27m55s +/-3 s",arXiv:2508.10657 abstract (wow_observation.yaml),(none),28624a1,19:27:55 +/-3 s,Table 4 l.437,+/-3 s,0 (value confirmed),locator upgraded,UNCHANGED,second H3 field
dec_negative_horn,-26d57m +/-20 arcmin,arXiv:2508.10657 abstract (wow_observation.yaml),(none),28624a1,-26:57:13 +/-20 arcmin,Table 4 l.437,+/-20 arcmin,new dec-seconds precision (13 s),precision bookkeeping only,CHANGED,as above
galactic_positive_horn,(missing),(none),(none),28624a1,"l=11.62+/-0.02 deg; b=-17.85+/-0.04 deg (AMBIGUOUS)",Table 4 l.439,+/-0.02 / +/-0.04 deg,b anomaly: +1.04 deg vs previous row with near-unchanged J2000 position,internally inconsistent within Table 4; suspected typo (plausible intent -18.85),AMBIGUOUS,do not use positive-horn b until resolved; internal-consistency computation in reproduction results
galactic_negative_horn,(missing),(none),(none),28624a1,l=11.87+/-0.02 deg; b=-19.42+/-0.04 deg,Table 4 l.440,+/-0.02 / +/-0.04 deg,NEW,NEW,NEW,H3 field framing
horn_squint,(missing; register had beam calibration pending),Ehman 154.95 s via ehman2010big (§5 l.187),(none),28624a1,128 +/-3 s (empirical; replaces Ehman 154.95 s),§5 l.187 (derived from private Aug 16 1977 strip chart),+/-3 s,-26.95 s vs Ehman value,empirical (strip-chart) vs literature; NOT independently reproducible (private data) per authorization,NEW with PARTIAL_UNVERIFIABLE flag,horn geometry / two-horn timing for H2; remains observation-operator gap
horn_interval_turnon,180 s (horn_turnon_window upper bound),Kipping & Gray 2022 abstract (wow_observation.yaml),(none),28624a1,~3 minutes between horns (§1 l.101); distinct from 128+/-3 s squint,§1 l.101; §6 l.207,(n/a),three related quantities now explicitly distinguished (3-min interval; 180 s legacy window; 128 s squint),legacy 180 s retained as separate KG2022 modeling quantity; not a paper value,AMBIGUOUS,prevents conflation in H2/H5 timing models
